"date","bacon","black grouse","boar bacon","brined/pickled castrated ram (wether)","brined/pickled goose","brined/pickled lamb","brined/pickled sheep","bustard","capercaillie","capon (castrated rooster)","coot","cow tongue","curlew","Deer","deer tongue","dried beef","dried geese","dried lamb","dried mutton","dried sheep","fattened pig","fieldfare","finch","geese","gray partridge","ham","hazel grouse","hens","lamb","lark","Moose & Calves","Moose and pickeled game (probably also moose)","mutton","oxen","Pickled deer","pickled pork","pickled wild cow","pig","pig heads","quail","rabbits","roe deer","sandpipers?","sheep","small birds","snow bunting","Starling","suckling pig","swans","thrush","type of sparrow & skylarks","waxwing","westphalian ham","wild and domestic doves","wild and domestic ducks","wild boar","wild geese","wild turkey (Gallina Meleagris Linn)","yellow hammer","young boar"
1640,,,,,,,,,,,,,,,,,,,,,,,,,,,,,,,,,,,,,,,,,,,,,,,,,,,,,,,,,,,,
1641,275.87,228,25.12,,288,7,11,,22,842,,60,12,31.5,41,506,297,2,,8,,729,,1165,52,,595,5596,463.5,2679,15.75,28.87,737.25,1,17.25,,,59.75,190.5,3,87,67,167,1268.5,649,,107,432,,1680,,343,3,121,742,41,20,196,2092,13
1642,,,,,,,,,,,,,,,,,,,,,,,,,,,,,,,,,,,,,,,,,,,,,,,,,,,,,,,,,,,,
1643,,,,,,,,,,,,,,,,,,,,,,,,,,,,,,,,,,,,,,,,,,,,,,,,,,,,,,,,,,,,
1644,231.87,74,,,,55.5,143,,26,609,,168,,17.25,,482,108,,,148.25,,3,,580,58,,177,3253,140,1232,,,194.12,1,6.25,,,26,142.5,649,87,62.75,125,1164.75,50,,24,227,,116,,,,263,304,31.37,12,133,,20.25
1645,365.87,122,2,,7,,10.25,,51,858,,328,,37.75,,611,128,,,,,197,,882,123,,485,6603,485.75,3229,10.75,1,860.75,1,8,1.5,0.62,53,145.5,1,249,80.75,256,1172.25,296,,19,160,,345,,580,,,982,30.75,41,168,2685,18.37
1646,476.75,287,0.5,,,,38,4,94,871,,,,,,643,60,,,35.25,,3180,,2876,516,,1057,5619,366.5,60,54.25,,931.25,5,11,,,60.25,115,,457,127.75,25,1381,391,,,170,,2351,,186,,385,490,86.25,25,358,4453,74.25
1647,,,,,,,,,,,,,,,,,,,,,,,,,,,,,,,,,,,,,,,,,,,,,,,,,,,,,,,,,,,,
1648,1,,,,,,,,,,,,,,,,,,,,,,,,,,,,,,,,,1,,,,1,,,,,,,,,,,,,,,,,,,,,,
1649,,,,,,,,,,,,,,,,,,,,,,,,,,,,,,,,,,,,,,,,,,,,,,,,,,,,,,,,,,,,
1650,,,,,,,,,,,,,,,,,,,,,,,,,,,,,,,,,,,,,,,,,,,,,,,,,,,,,,,,,,,,
1651,,,,,,,,,,,,,,,,,,,,,,,,,,,,,,,,,,,,,,,,,,,,,,,,,,,,,,,,,,,,
1652,,,,,,,,,,,,,,,,,,,,,,,,,,,,,,,,,,,,,,,,,,,,,,,,,,,,,,,,,,,,
1653,,,,,,,,,,,,,,,,,,,,,,,,,,,,,,,,,,,,,,,,,,,,,,,,,,,,,,,,,,,,
1654,,,,,,,,,,,,,,,,,,,,,,,,,,,,,,,,,,,,,,,,,,,,,,,,,,,,,,,,,,,,
1655,,,,,,,,,,,,,,,,,,,,,,,,,,,,,,,,,,,,,,,,,,,,,,,,,,,,,,,,,,,,
1656,,,,,,,,,,,,,,,,,,,,,,,,,,,,,,,,,,,,,,,,,,,,,,,,,,,,,,,,,,,,
1657,,,,,,,,,,,,,,,,,,,,,,,,,,,,,,,,,,,,,,,,,,,,,,,,,,,,,,,,,,,,
1658,,,,,,,,,,,,,,,,,,,,,,,,,,,,,,,,,,,,,,,,,,,,,,,,,,,,,,,,,,,,
1659,23.75,0,0,,0,0,0,0,0,0,0,4,0,0,,0,0,,,0,,0,0,23,0,0,0,89,8,0,1,,16.25,25,0,0,,,0,0,0,0,0,6,0,,,0,0,12,,,,2,0,0.5,0,0,0,0
1660,,,,,,,,,,,,,,,,,,,,,,,,,,,,,,,,,,,,,,,,,,,,,,,,,,,,,,,,,,,,
1661,,,,,,,,,,,,,,,,,,,,,,,,,,,,,,,,,,,,,,,,,,,,,,,,,,,,,,,,,,,,
1662,2.5,,,,,,,,,12,,18,,,,,,,,,,,,42,,,,122,1,,,,19.5,12.5,,,,2,,,,,,2,,,,2,,,,15,,,,,,3,,
1663,546,853,,,,,,3,86,515,43,476,11,44,,142,117,,,,,1423,,1730,3639,145,1696,14760,1506.75,,5,28,2689.5,4,,,,74.75,89,26,692,51,311,1093.5,118,,,279,,18,280,2076,,,4617,37,47,79,7109,19
1664,121.25,69,,40,,,,,8,250,8,275,13,12,,152,44,,,,,762,,654,62,82,487,4210,85.25,,10,,671.5,11,,,,23.5,2,13,109,3,,190.5,,,,105,,2068,,,,243,759,3,19,293,2491,4
1665,,,,,,,,,,8,,,,,,,,,,,,,,83,,,4,231,3.5,,,,32,26,,,,2,,,,,,,,,,,,,,,,10,,,,7,,
1666,,,,,,,,,,,,,,,,,,,,,,,,,,,,,,,,,,,,,,,,,,,,,,,,,,,,,,,,,,,,
1667,,,,,,,,,,,,,,,,,,,,,,,,,,,,,,,,,,,,,,,,,,,,,,,,,,,,,,,,,,,,
1668,19,,,,,,,,,0,,46,1,,,9,15,,0,0,0,2,,12,,3,,62,4,24,,,4,2,,,,0.5,,,10,1,6,1,0,,6,0,,,,,,50,41,94,,6,,
1669,,,,,,,,,,,,,,,,,,,,,,,,,,,,,,,,,,,,,,,,,,,,,,,,,,,,,,,,,,,,
1670,7.75,0,,,,,,,0,20,,11,,,,10,10,,,,,,,41,10,9,9,342,25,190,,,15.5,9,,,,1,9,,19,4,41,10.25,426,,,4,,46,,,,80,78,0,,21,,0
1671,2,2,,,,,,,,17,,4,,,,64,,,,,,,,6,,,2,66,6.5,,,,5,1,,,,3,,,9,,,,,,,3,,,,,,12,4,,,5,,
1672,13.5,,,,,,,,,,,,,,,80,,,,,,,,,,,,,3,,,,,1,,,,1,4,,,,,,,,,,,,,,,,,,,,,
1673,13,,,,,,,,,,,,,,,68,,,,,,,,7,,,,28,12,,,,,1,,,,1,,,,,,,,,,,,,,,,,,,,,,
1674,,,,,,,,,,,,,,,,,,,,,,,,,,,,,,,,,,1,,,,1,,,,,,,,,,,,,,,,,,,,,,
1675,,,,,,,,,,,,,,,,,,,,,,,,,,,,,,,,,,1,,,,1,2,,,,,,,,,,,,,,,,,,,,,
1676,0.25,,,,,,,,,,,,,,,,,,,,,,,,,,,,,,,,,1,,,,1,2,,,,,,,,,,,,,,,,,,,,,
1677,,,,,,,,,,,,,,,,,,,,,,,,,,,,,,,,,,1,,,,1,,,,,,,,,,,,,,,,,,,,,,
1678,,,,,,,,,,,,,,,,,,,,,,,,,,,,,,,,,,1,,,,1,,,,,,,,,,,,,,,,,,,,,,
1679,44,43,,,,,,,,53,,,,4,,8,,,,,,20,,128,132,,21,343,6,,4.5,,283,14,,,,15,,,59,8,,4,135,,,7,,,,130,,,10,1,,77,,3
1680,,,,,,,,,,,,,,,,,,,,,,,,,,,,,,,,,,,,,,,,,,,,,,,,,,,,,,,,,,,,
1681,36,,,,,,,,,134,,,,,,4,,,,,,40,,159,,,,1326,1,,,,314,,,,,26,7,,,,,,,,,,,,,240,,,56,1,,136,,
1682,1,,,,,,,,,,,,,,,,,,,,,,,,,,,58,3,,,,,1,,,,1,,,,1,,,,,,,,,,,,13,,,,,,
1683,0.5,,,,,,,,,,,,,,,,,,,,,,,,,,,,,,,,,1,,,,1,,,,,,,,,,,,,,,,,,,,,,
1684,,,,,,,,,,,,,,,,,,,,,,,,,,,,,,,,,,1,,,,1,,,,,,,,,,,,,,,,,,,,,,
1685,,,,,,,,,,,,,,,,,,,,,,,,,,,,,,,,,,1,,,,1,,,,,,,,,,,,,,,,,,,,,,
1686,,,,,,,,,,,,,,,,,,,,,,,,,,,,,,,,,,1,,,,,,,,,,,,,,,,,,,,,,,,,,
1687,1,,,,,,,,,,,,,,,,,,,,,,,4,,,,58,,,,,,2,,,,2,,,,,,,,,,,,,,,,,12,,,,,
1688,,,,,,,,,,,,,,,,,,,,,,,,,,,,,,,,,,1,,,,,,,,,,,,,,,,,,,,,,,,,,
